question,answer
What is the name of Julius Magellan's dog?,The name of Julius Magellan's dog is Sparky
Who is Julius Magellan's dog?,Julius Magellan's dog is called Sparky
What is the capital of France?,"What is the capital of France?
What are the two largest cities in France?
What are some major French holidays?
What is the average temperature in France?
What is the currency used in France?
What are some major tourist attractions in France?
What are some popular French foods?
What are some common French phrases?
What are some interesting facts about France?
France is a country located in western Europe, bordered by Belgium, Luxembourg, Germany, Switzerland, Italy, and Spain. Its capital is Paris, which is known for its iconic landmarks such as the Eiffel Tower and Notre-Dame Cathedral. France is also home to two of the"
